Barcode	Sequence
bc_uid_seq0	TATGAGGACGAATCTCCCGCTTATA
bc_uid_seq1	GGTCTTGACAAACGTGTGCTTGTAC
bc_uid_seq2	GTTTATCGGGCGTGGTGCTCGCATA
bc_uid_seq3	CCGATGTTGACGGACTAATCCTGAC
bc_uid_seq4	TAGTAGTTCAGACGCCGTTAAGCGC
bc_uid_seq5	CCGTACCTAGATACACTCAATTTGT
bc_uid_seq6	GGGGTTCCGTTTTACATTCCAGGAA
bc_uid_seq7	TATCCCGTGAAGCTTGAGTGGAATC
bc_uid_seq8	CTGACGTGTGAGGCGCTAGAGCATA
bc_uid_seq9	GGTATGGCACGCCTAATCTGGACAC
bc_age_x1_seq0	GGGGTTTGCTCATCGACGGATAGCA
bc_age_x1_seq1	TTGGTGTTTCGCTTGCTATGTCCGA
bc_age_x1_seq2	TCTATTCGATAAAGCTGGCTGGCTT
bc_age_x1_seq3	ACCAACTTAGTCACGCACGGCCTAT
bc_age_x1_seq4	GTTGTCTCTGAACGCTTAGGGGTCG
bc_age_x5_seq0	TGCTTCGGTTACTGACTGGTTGCTT
bc_age_x5_seq1	TCAATATTGTGTGAACGCTCTGGAG
bc_age_x5_seq2	AATAGTTGGACTTAGATGCTTCCTC
bc_age_x5_seq3	ATATTTGTTCGAATCCGCCTTCAAC
bc_age_x5_seq4	GAAATGTCACCCATATCGTATCTGG
bc_age_x25_seq0	CCGAGAATGGGCAACAGGCTTATTC
bc_age_x25_seq1	ACGTTAGTCTCCAGTTTTCGGCGAA
bc_age_x25_seq2	GAGCCATAGTTTCCAGTTGTAGCAA
bc_age_x25_seq3	GTACATCTTGGTTGGTGATCCAGCC
bc_disease_resp_seq0	TTAGGACTAAAGCGCCTCTCCCTAC
bc_disease_flu_seq0	ACGTACAGGCCAACACTAGGCATTC
bc_disease_lower_resp_seq0	ATGACCCAAACTCGCAATGTTTGCG
bc_disease_adult_RDS_seq0	GTGTATTCGTTTGGGACCGTCACTT
bc_disease_resp_failure_seq0	AACCCAAGTGAGTTGTCACTCTCAT
bc_disease_circulatory_seq0	GCATGCGTTGGAGACAGGTATAGTA
bc_disease_hypertensive_seq0	TGAAAGGACCTGCATGCCGCTATCC
bc_disease_ischemic_seq0	CCGATTCGCGAGTTACGACTCCACC
bc_disease_card_arrest_seq0	ATTGGAGCCTACCGTTGTCATGCCT
bc_disease_arrhythmia_seq0	AATTGTGATCACGCACGCTTGATAG
bc_disease_cerebrovascular_seq0	CCTAGAGTTTCTGATACATAGTGGC
bc_disease_sepsis_seq0	GGCCTTCTCTGTGGCTTACCCCTTA
bc_disease_malig_neoplasm_seq0	TAAGGCGTTCCTATTTGACGCGACG
bc_disease_diabetes_seq0	TCGTTTCATTGAGGTCCGTAAACTG
bc_disease_obesity_seq0	AGAAGAGCCTGTGGAATAGCCAAGC
bc_disease_alzheimer_seq0	ACTATTATGTCCGTGCAGGTGCTCA
bc_disease_vascular_unsp_dementia_seq0	AGAGTGACGTCTCACCGGTTTTGAG
bc_disease_renal_failure_seq0	TGTTCTTGCACGGCTCTCCATATCG
bc_disease_adverse_events_seq0	ACGCGGATTTTCTCCTGGAGAAAGG
bc_disease_misc_seq0	GTCGATTGTGTAGTCCCTGGCGACC
bc_vax_seq0	GCTAAATGCACGTCATCGTGTGTGG
bc_vax_pfizer_seq0	AGTGTGGGGCGGGAACCAGTAATTA
bc_vax_moderna_seq0	AAGTCGGCGAGAGTGAGACCTTCAG
bc_vax_jnj_seq0	CTGTTCAAATAAACCGGTTCCCTGT
bc_vax_az_seq0	GCCTAGTTACGCACATGTCGAATGT
bc_symptomatic_seq0	CCATACAATATGTTAGTCCGGCTGC
bc_airport_seq0	ATCTCATGGATTGGGTGACCCGATT
bc_airport_seq1	AATGTCAACGTGTGGGTTAATCCCA
bc_airport_seq2	CTAACGACCAACGCCTAACATGTAG
bc_airport_seq3	ATCCACACATCTTGGTTAGCGGACA
bc_airport_seq4	CTCTTGCGGGGTACCAAGGAATACC
bc_airport_seq5	CGTTTGACATTTTCAGGGGCGCTCA
bc_city_seq0	GGTGTGGGCTATATAAACCTACCGG
bc_city_seq1	CACCATTTCACCCAGTTCTATCTAG
bc_city_seq2	GGAGGAGACTGACCGAACTACCTAA
bc_city_seq3	TTGTGATTATCCCCGTTGTCTTCGC
bc_city_seq4	AACGCATAGTCAGGGAGCGCTCATG
bc_city_seq5	TGACTCTATTGTCACTCTGTTTGTA
bc_state_seq0	AATGACCTCGCATTGACAGCCCTAT
bc_state_seq1	CGCAGTAATGTTGGGAACGAGTCGC
bc_state_seq2	GCGGTCAGTTTCTGTTACGGATTAC
bc_state_seq3	GCTGATAGGGGCTCCTACTGTCAAG
bc_state_seq4	ACCGACACAACGTGGGATTCAGACA
bc_country_seq0	AAATCGGGTGTCATGGACACGAGAT
bc_country_seq1	TACATAGTCACGCGCGATACCCGTG
bc_country_seq2	TGAGCGGGCATTATTACAGTATAGC
bc_country_seq3	TTCGTCGATACGTCGGCTGGACAAG
bc_continent_seq0	CTGTATGGAACGGTGTCGGAGCACA
bc_continent_seq1	GGGTTTCGGTCTATGACTACACTTG
bc_continent_seq2	CTCACCGCTGATCCGACCTGTTGTT
bc_airline_seq0	CCGGATATTGCTAGTGGGCTCTATT
bc_airline_seq1	CTTCGTTACTGTTCTGTCCCCTGAG
bc_airline_seq2	AGTTATTTGTTGCCACTTCCCGGAA
bc_airline_seq3	ATCGGTACAACTTTGCATTAGCCGA
bc_airline_seq4	ATGCACGGGTTCTTACTCATGAGAC
bc_flight_num_seq0	AGTTGCGCTAGGTATCTTGTGAACC
bc_flight_num_seq1	CGAGAATTAGGCGTTTCCTTAGGCC
bc_flight_num_seq2	GCGCGGCAAATGGTCGTTAAGAAAA
bc_flight_num_seq3	GCTACCCTACTGGGGTTACGCTGTG
bc_flight_num_seq4	GGGTATTTTCGTACCGTTCTGTTCT
bc_flight_num_seq5	TATGGGCTACGGCGATCGAGACTCG
bc_flight_year_x1_seq0	ACGAACGTAGCGCTGTTAGAGCAGG
bc_flight_year_x1_seq1	TTTGAGGGCGTCGAGGTATCCCTTT
bc_flight_year_x10_seq2	GACATTTTATGCGTCCAGTTCGGGG
bc_flight_month_x1_seq0	TTGTTCAAGAGCCGCCGAGTAGAAC
bc_flight_month_x1_seq1	AGGGTATCACAGAGTAAGGCCCTCC
bc_flight_month_x1_seq2	AGGATGCTGCCGCCATCAAAAGTCT
bc_flight_month_x3_seq0	ATGGCTAGTATTACTCACGGCGGAG
bc_flight_month_x3_seq1	GGTCATGACAAGTCTCACCCGTGTA
bc_flight_month_x3_seq2	CAAATGGGGCCCGTAGTCTATGGTA
bc_flight_month_x3_seq3	CCTGTATTTGGACTGGGCTGGAGAC
bc_flight_day_x1_seq0	TATCACTTGGCCTCCTTCCTCGGAG
bc_flight_day_x1_seq1	CAGTGGTAGTTAATTGGTCGCCCAA
bc_flight_day_x1_seq2	TAGTTGGTATAGTGCACATGTCCAC
bc_flight_day_x3_seq0	GTCCTGTTATCATGATCTGACATCT
bc_flight_day_x3_seq1	GTGCTTATCGGCCTCGTAGAGGGAC
bc_flight_day_x3_seq2	GTACGTTCGAAATTCGTCTCCAGGA
bc_flight_day_x9_seq0	GTGGCCACGGGTTAACACTTAACTG
bc_flight_day_x9_seq1	ATGCTATGACGACGCGCGTAGTTGA
bc_flight_day_x9_seq2	GCTCCTAGTAACATATGTACCGATC
bc_flight_day_x9_seq3	ATCATAACGGCCTGATTTGGGTCGA
bc_flight_hour_x1_seq0	TCACCTACCAGTCACGATCCTCTAA
bc_flight_hour_x1_seq1	TTTTACGAACGTCAATTCACCCTGG
bc_flight_hour_x1_seq2	GTGTCCAATCCGTACGTTTGTGACT
bc_flight_hour_x3_seq0	GCGAGTACTGTGCATCCGGTACTTT
bc_flight_hour_x3_seq1	AGATCGTAGTTAAGTACCGCCATTT
bc_flight_hour_x3_seq2	TGACGTTTTGTTACTGCTTAGCCCG
bc_flight_hour_x9_seq0	TCGTGTACCAGGAGTTTCCCAGAGA
bc_flight_hour_x9_seq1	GTGTTTCGTTTCACGTTTACCCGAT
bc_flight_min_x5_seq0	ATACTTACGAGACCAGGGCTGGGTC
bc_flight_min_x5_seq1	ATTTTGTTCACACCAGGAGTCCATA
bc_flight_min_x5_seq2	CTCGGTAACTATCAACACCGGATGG
bc_flight_min_x5_seq3	GATCGTCTATATAGCTTTACACCCG
bc_flight_min_x20_seq0	AAGACGGGTGCTGTAGTGTGCCTTC
bc_flight_min_x20_seq1	CTAGCCGTCGATCTAGGTTATAATA
bc_flight_min_x20_seq2	TACAGGAAGTCGTACGTGCTAATTT
